Workbook

Sheet Question 1
A1: Imported Data Set
A2: Year | B2: Region | C2: Product A Sales | D2: Product B Sales | E2: Product C Sales
A3: 2019 | B3: India | C3: 5674 | D3: 6721 | E3: 3947
A4: 2019 | B4: USA | C4: 3598 | D4: 9374 | E4: 7272
A5: 2019 | B5: Canada | C5: 8765 | D5: 9272 | E5: 5100
A6: 2019 | B6: UK | C6: 4539 | D6: 6473 | E6: 4545
A7: 2020 | B7: India | C7: 6238 | D7: 3948 | E7: 6512
A8: 2020 | B8: USA | C8: 8728 | D8: 7972 | E8: 5623
A9: 2020 | B9: Canada | C9: 4589 | D9: 9224 | E9: 8639
A10: 2020 | B10: UK | C10: 6098 | D10: 2315 | E10: 5000
A11: 2021 | B11: India | C11: 7312 | D11: 8665 | E11: 5041
A12: 2021 | B12: USA | C12: 8361 | D12: 4629 | E12: 7371
A13: 2021 | B13: Canada | C13: 5343 | D13: 5126 | E13: 6777
A14: 2021 | B14: UK | C14: 8265 | D14: 3341 | E14: 7609

Sheet Question2.a
A1: Product A Sales
A2: 5674 | C2: #N/A
A3: 3598 | C3: #N/A
A4: 8765 | C4: =AVERAGE(A3:A5) -> 5634
A5: 4539 | C5: =AVERAGE(A4:A6) -> 6514
A6: 6238 | C6: =AVERAGE(A5:A7) -> 6501.6667
A7: 8728 | C7: =AVERAGE(A6:A8) -> 6518.3333
A8: 4589 | C8: =AVERAGE(A7:A9) -> 6471.6667
A9: 6098 | C9: =AVERAGE(A8:A10) -> 5999.6667
A10: 7312 | C10: =AVERAGE(A9:A11) -> 7257
A11: 8361 | C11: =AVERAGE(A10:A12) -> 7005.3333
A12: 5343 | C12: =AVERAGE(A11:A13) -> 7323
A13: 8265

Sheet Question2.b
A1: Product B Sales
A2: 6721 | C2: #N/A
A3: 9374 | C3: #N/A
A4: 9272 | C4: =AVERAGE(A3:A5) -> 8373
A5: 6473 | C5: =AVERAGE(A4:A6) -> 6564.3333
A6: 3948 | C6: =AVERAGE(A5:A7) -> 6131
A7: 7972 | C7: =AVERAGE(A6:A8) -> 7048
A8: 9224 | C8: =AVERAGE(A7:A9) -> 6503.6667
A9: 2315 | C9: =AVERAGE(A8:A10) -> 6734.6667
A10: 8665 | C10: =AVERAGE(A9:A11) -> 5203
A11: 4629 | C11: =AVERAGE(A10:A12) -> 6140
A12: 5126 | C12: =AVERAGE(A11:A13) -> 4365.3333
A13: 3341

Sheet Question2.c
A1: Product C Sales
A2: 3947 | C2: #N/A
A3: 7272 | C3: #N/A
A4: 5100 | C4: =AVERAGE(A3:A5) -> 5639
A5: 4545 | C5: =AVERAGE(A4:A6) -> 5385.6667
A6: 6512 | C6: =AVERAGE(A5:A7) -> 5560
A7: 5623 | C7: =AVERAGE(A6:A8) -> 6924.6667
A8: 8639 | C8: =AVERAGE(A7:A9) -> 6420.6667
A9: 5000 | C9: =AVERAGE(A8:A10) -> 6226.6667
A10: 5041 | C10: =AVERAGE(A9:A11) -> 5804
A11: 7371 | C11: =AVERAGE(A10:A12) -> 6396.3333
A12: 6777 | C12: =AVERAGE(A11:A13) -> 7252.3333
A13: 7609

Sheet Question3

Sheet Question4
A1: Year | B1: Region | C1: Product A Sales | D1: Product B Sales | E1: Product C Sales
A2: 2019 | B2: India | C2: 5674 | D2: 6721 | E2: 3947 | H2: Anova: Single Factor
A3: 2019 | B3: USA | C3: 3598 | D3: 9374 | E3: 7272
A4: 2019 | B4: Canada | C4: 8765 | D4: 9272 | E4: 5100 | H4: SUMMARY
A5: 2019 | B5: UK | C5: 4539 | D5: 6473 | E5: 4545 | H5: Groups | I5: Count | J5: Sum | K5: Average | L5: Variance
A6: 2020 | B6: India | C6: 6238 | D6: 3948 | E6: 6512 | H6: ProductA | I6: 11 | J6: 69245 | K6: 6295 | L6: 3192481.8
A7: 2020 | B7: USA | C7: 8728 | D7: 7972 | E7: 5623 | H7: ProductB | I7: 11 | J7: 73719 | K7: 6701.7273 | L7: 5923542.8
A8: 2020 | B8: Canada | C8: 4589 | D8: 9224 | E8: 8639 | H8: ProductC | I8: 11 | J8: 65827 | K8: 5984.2727 | L8: 2052874.2
A9: 2020 | B9: UK | C9: 6098 | D9: 2315 | E9: 5000
A10: 2021 | B10: India | C10: 7312 | D10: 8665 | E10: 5041
A11: 2021 | B11: USA | C11: 8361 | D11: 4629 | E11: 7371 | H11: ANOVA
A12: 2021 | B12: Canada | C12: 5343 | D12: 5126 | E12: 6777 | H12: Source of Variation | I12: SS | J12: df | K12: MS | L12: F | M12: P-value | N12: F crit
A13: 2021 | B13: UK | C13: 8265 | D13: 3341 | E13: 7609 | H13: Between Groups | I13: 2847971.6 | J13: 2 | K13: 1423985.8 | L13: 0.3824869 | M13: 0.68544179 | N13: 3.3158295
H14: Within Groups | I14: 1.1168899e+08 | J14: 30 | K14: 3722966.3
H16: Total | I16: 114536960 | J16: 32

Sheet Question5.a
A1: Product A Sales | B1: Product B Sales
A2: 5674 | B2: 6721
A3: 3598 | B3: 9374
A4: 8765 | B4: 9272 | E4: ProductA | F4: ProductB
A5: 4539 | B5: 6473 | D5: ProductA | E5: =VARP(Question5.a!$A$2:$A$13) -> 2956859.1
A6: 6238 | B6: 3948 | D6: ProductB | E6: -626214.36 | F6: =VARP(Question5.a!$B$2:$B$13) -> 5799059.1
A7: 8728 | B7: 7972
A8: 4589 | B8: 9224 | E8: *Negatively Related
A9: 6098 | B9: 2315
A10: 7312 | B10: 8665
A11: 8361 | B11: 4629
A12: 5343 | B12: 5126
A13: 8265 | B13: 3341

Sheet Question5.b
A1: Product B Sales | B1: Product C Sales
A2: 6721 | B2: 3947
A3: 9374 | B3: 7272
A4: 9272 | B4: 5100 | E4: ProductB | F4: ProductC
A5: 6473 | B5: 4545 | D5: ProductB | E5: =VARP(Question5.b!$A$2:$A$13) -> 5799059.1
A6: 3948 | B6: 6512 | D6: ProductC | E6: -35062.528 | F6: =VARP(Question5.b!$B$2:$B$13) -> 1912375.2
A7: 7972 | B7: 5623
A8: 9224 | B8: 8639 | E8: *Negatively Related
A9: 2315 | B9: 5000
A10: 8665 | B10: 5041
A11: 4629 | B11: 7371
A12: 5126 | B12: 6777
A13: 3341 | B13: 7609

Sheet Question5.c
A1: Product A Sales | B1: Product C Sales
A2: 5674 | B2: 3947
A3: 3598 | B3: 7272
A4: 8765 | B4: 5100 | E4: ProductA | F4: ProductB
A5: 4539 | B5: 4545 | D5: ProductA | E5: =VARP(Question5.c!$A$2:$A$13) -> 2956859.1
A6: 6238 | B6: 6512 | D6: ProductB | E6: -251982.03 | F6: =VARP(Question5.c!$B$2:$B$13) -> 1912375.2
A7: 8728 | B7: 5623
A8: 4589 | B8: 8639 | E8: *Negatively Related
A9: 6098 | B9: 5000
A10: 7312 | B10: 5041
A11: 8361 | B11: 7371
A12: 5343 | B12: 6777
A13: 8265 | B13: 7609

Sheet Question6.a
A1: Product A Sales | B1: Product B Sales
A2: 5674 | B2: 6721 | E2: ProductA | F2: ProductB
A3: 3598 | B3: 9374 | D3: ProductA | E3: 1
A4: 8765 | B4: 9272 | D4: ProductB | E4: -0.15122686 | F4: 1
A5: 4539 | B5: 6473
A6: 6238 | B6: 3948
A7: 8728 | B7: 7972
A8: 4589 | B8: 9224
A9: 6098 | B9: 2315
A10: 7312 | B10: 8665
A11: 8361 | B11: 4629
A12: 5343 | B12: 5126
A13: 8265 | B13: 3341

Sheet Question6.b
A1: Product B Sales | B1: Product C Sales
A2: 6721 | B2: 3947 | E2: Column 1 | F2: Column 2
A3: 9374 | B3: 7272 | D3: Column 1 | E3: 1
A4: 9272 | B4: 5100 | D4: Column 2 | E4: -0.010528776 | F4: 1
A5: 6473 | B5: 4545
A6: 3948 | B6: 6512
A7: 7972 | B7: 5623
A8: 9224 | B8: 8639
A9: 2315 | B9: 5000
A10: 8665 | B10: 5041
A11: 4629 | B11: 7371
A12: 5126 | B12: 6777
A13: 3341 | B13: 7609

Sheet Question6.c
A1: Product A Sales | B1: Product C Sales
A2: 5674 | B2: 3947 | E2: Column 1 | F2: Column 2
A3: 3598 | B3: 7272 | D3: Column 1 | E3: 1
A4: 8765 | B4: 5100 | D4: Column 2 | E4: -0.10596628 | F4: 1
A5: 4539 | B5: 4545
A6: 6238 | B6: 6512
A7: 8728 | B7: 5623
A8: 4589 | B8: 8639
A9: 6098 | B9: 5000
A10: 7312 | B10: 5041
A11: 8361 | B11: 7371
A12: 5343 | B12: 6777
A13: 8265 | B13: 7609
